{
  "norm_stats": {
    "action": {
      "mean": [
        -0.03524816408753395,
        0.39540427923202515,
        0.2683797776699066,
        -0.2206912785768509,
        -0.0004475358873605728,
        0.31550315022468567,
        0.5116848349571228,
        0.5265238285064697,
        1.9403977394104004,
        1.446805715560913,
        -1.009820818901062,
        0.004929870832711458,
        0.544711709022522,
        0.6094455718994141
      ],
      "q01": [
        -0.17341750860214233,
        -1.4542436474584974e-05,
        -2.878103441616986e-05,
        -1.020804524421692,
        -0.012013265863060951,
        0.0,
        0.0,
        0.0052915168926119804,
        0.030387984588742256,
        0.029819564893841743,
        -1.4614962339401245,
        -0.0022528506815433502,
        0.01339128240942955,
        0.0
      ],
      "q99": [
        0.007754668593406677,
        1.844552755355835,
        1.2398054599761963,
        -0.0002048015594482422,
        0.000711662694811821,
        1.4230419397354126,
        0.9997999668121338,
        0.74436354637146,
        2.4016153812408447,
        2.255276679992676,
        -0.02462029457092285,
        0.08541379123926163,
        0.7642266154289246,
        0.9997999668121338
      ],
      "std": [
        0.06617634743452072,
        0.6992071270942688,
        0.4743756353855133,
        0.38809922337532043,
        0.0022561014629900455,
        0.5542109608650208,
        0.4935397803783417,
        0.15169936418533325,
        0.3992313742637634,
        0.3642502725124359,
        0.23173949122428894,
        0.013661068864166737,
        0.15009556710720062,
        0.4614037573337555
      ]
    },
    "observation.state": {
      "mean": [
        -0.03524814173579216,
        0.39540427923202515,
        0.2683798372745514,
        -0.2206912785768509,
        -0.00044752220856025815,
        0.31550315022468567,
        0.5145326256752014,
        0.5249404907226562,
        1.934463620185852,
        1.4426411390304565,
        -1.007120132446289,
        0.004920446779578924,
        0.5430785417556763,
        0.6094455718994141
      ],
      "q01": [
        -0.17341750860214233,
        -1.4542436474584974e-05,
        -2.878103441616986e-05,
        -1.020804524421692,
        -0.012013265863060951,
        0.0,
        0.0,
        0.0014787232503294945,
        0.009646979160606861,
        0.009634013287723064,
        -1.4614962339401245,
        -0.0022528506815433502,
        0.004155915230512619,
        0.0
      ],
      "q99": [
        0.007754668593406677,
        1.844552755355835,
        1.2398054599761963,
        -0.0002048015594482422,
        0.000711662694811821,
        1.4230419397354126,
        0.9997999668121338,
        0.74436354637146,
        2.4016153812408447,
        2.255276679992676,
        -0.008305668830871582,
        0.08541379123926163,
        0.7642266154289246,
        0.9997999668121338
      ],
      "std": [
        0.06617636233568192,
        0.6992071270942688,
        0.4743756055831909,
        0.38809922337532043,
        0.0022561042569577694,
        0.5542109608650208,
        0.49346378445625305,
        0.15391667187213898,
        0.4121168851852417,
        0.3717523515224457,
        0.23777367174625397,
        0.013662371784448624,
        0.15251658856868744,
        0.4614037573337555
      ]
    }
  },
  "put_back_block-demo_clean_200": {
    "left_elbow": {
      "delta": [
        2.2456426667049527
      ],
      "min": [
        0.009634013287723064
      ]
    },
    "left_forearm_roll": {
      "delta": [
        1.453190565109253
      ],
      "min": [
        -1.4614962339401245
      ]
    },
    "left_gripper": {
      "delta": [
        0.9997999668121338
      ],
      "min": [
        0.0
      ]
    },
    "left_shoulder": {
      "delta": [
        2.391968402080238
      ],
      "min": [
        0.009646979160606861
      ]
    },
    "left_waist": {
      "delta": [
        0.7428848231211305
      ],
      "min": [
        0.0014787232503294945
      ]
    },
    "left_wrist_angle": {
      "delta": [
        0.08766664192080498
      ],
      "min": [
        -0.0022528506815433502
      ]
    },
    "left_wrist_rotate": {
      "delta": [
        0.7600707001984119
      ],
      "min": [
        0.004155915230512619
      ]
    },
    "right_elbow": {
      "delta": [
        1.2398342410106125
      ],
      "min": [
        -2.878103441616986e-05
      ]
    },
    "right_forearm_roll": {
      "delta": [
        1.0205997228622437
      ],
      "min": [
        -1.020804524421692
      ]
    },
    "right_gripper": {
      "delta": [
        0.9997999668121338
      ],
      "min": [
        0.0
      ]
    },
    "right_shoulder": {
      "delta": [
        1.8445672977923095
      ],
      "min": [
        -1.4542436474584974e-05
      ]
    },
    "right_waist": {
      "delta": [
        0.181172177195549
      ],
      "min": [
        -0.17341750860214233
      ]
    },
    "right_wrist_angle": {
      "delta": [
        0.012724928557872772
      ],
      "min": [
        -0.012013265863060951
      ]
    },
    "right_wrist_rotate": {
      "delta": [
        1.4230419397354126
      ],
      "min": [
        0.0
      ]
    }
  },
  "repo_id": "put_back_block-demo_clean_200"
}
