{
  "norm_stats": {
    "action": {
      "mean": [
        0.0003966724034398794,
        -1.1443045139312744,
        0.7422300577163696,
        0.07829058915376663,
        0.6135512590408325,
        -0.4375295042991638,
        0.39734339714050293,
        0.2361845225095749,
        -1.2435519695281982,
        1.0911195278167725,
        -0.22976815700531006,
        -0.27530789375305176,
        0.26702508330345154,
        0.5069042444229126
      ],
      "q01": [
        -0.33493655920028687,
        -2.0243263244628906,
        0.008105650544166565,
        -0.6634450554847717,
        -0.13100683689117432,
        -1.4256783723831177,
        0.029929999262094498,
        -0.19191455841064453,
        -2.133221387863159,
        0.004591260105371475,
        -1.191411018371582,
        -1.0473889112472534,
        -0.3393808603286743,
        0.0
      ],
      "q99": [
        0.2591855525970459,
        0.018291234970092773,
        1.5802563428878784,
        1.186300277709961,
        1.2115706205368042,
        0.031668663024902344,
        0.999989926815033,
        0.8562326431274414,
        0.04834890365600586,
        1.91110098361969,
        0.5703837871551514,
        0.3710341453552246,
        1.1338129043579102,
        1.0247949361801147
      ],
      "std": [
        0.12362555414438248,
        0.5312731266021729,
        0.3700435757637024,
        0.37526389956474304,
        0.40884914994239807,
        0.35964614152908325,
        0.4239619970321655,
        0.2947337031364441,
        0.628615140914917,
        0.5016735196113586,
        0.4312027096748352,
        0.311225026845932,
        0.35763826966285706,
        0.44017109274864197
      ]
    },
    "observation.state": {
      "mean": [
        0.00039501109858974814,
        -1.144317388534546,
        0.7422499656677246,
        0.078294537961483,
        0.6135520339012146,
        -0.43753868341445923,
        0.39882540702819824,
        0.23618638515472412,
        -1.243565559387207,
        1.0911345481872559,
        -0.2297665923833847,
        -0.27531206607818604,
        0.2670274078845978,
        0.5083858370780945
      ],
      "q01": [
        -0.33493655920028687,
        -2.0243263244628906,
        0.008551396429538727,
        -0.6634450554847717,
        -0.13100683689117432,
        -1.4256783723831177,
        0.029929999262094498,
        -0.19191455841064453,
        -2.133221387863159,
        0.00506586953997612,
        -1.191411018371582,
        -1.0473889112472534,
        -0.3393808603286743,
        0.0
      ],
      "q99": [
        0.2591855525970459,
        0.018291234970092773,
        1.5802563428878784,
        1.186300277709961,
        1.2115706205368042,
        0.031668663024902344,
        0.999989926815033,
        0.8562326431274414,
        0.04834890365600586,
        1.91110098361969,
        0.5703837871551514,
        0.3710341453552246,
        1.1338129043579102,
        1.0247949361801147
      ],
      "std": [
        0.12362591922283173,
        0.5312484502792358,
        0.3700094223022461,
        0.3752630650997162,
        0.40884798765182495,
        0.3596351444721222,
        0.42431873083114624,
        0.29473230242729187,
        0.6285906434059143,
        0.501646101474762,
        0.43120354413986206,
        0.3112213909626007,
        0.35763657093048096,
        0.44014567136764526
      ]
    }
  },
  "repo_id": "zju_data_20260209",
  "zju_data_20260209": {
    "left_elbow": {
      "delta": [
        1.9065097235143185
      ],
      "min": [
        0.004591260105371475
      ]
    },
    "left_forearm_roll": {
      "delta": [
        1.7617948055267334
      ],
      "min": [
        -1.191411018371582
      ]
    },
    "left_gripper": {
      "delta": [
        1.0247949361801147
      ],
      "min": [
        0.0
      ]
    },
    "left_shoulder": {
      "delta": [
        2.181570291519165
      ],
      "min": [
        -2.133221387863159
      ]
    },
    "left_waist": {
      "delta": [
        1.048147201538086
      ],
      "min": [
        -0.19191455841064453
      ]
    },
    "left_wrist_angle": {
      "delta": [
        1.418423056602478
      ],
      "min": [
        -1.0473889112472534
      ]
    },
    "left_wrist_rotate": {
      "delta": [
        1.4731937646865845
      ],
      "min": [
        -0.3393808603286743
      ]
    },
    "right_elbow": {
      "delta": [
        1.5721506923437119
      ],
      "min": [
        0.008105650544166565
      ]
    },
    "right_forearm_roll": {
      "delta": [
        1.8497453331947327
      ],
      "min": [
        -0.6634450554847717
      ]
    },
    "right_gripper": {
      "delta": [
        0.9700599275529385
      ],
      "min": [
        0.029929999262094498
      ]
    },
    "right_shoulder": {
      "delta": [
        2.0426175594329834
      ],
      "min": [
        -2.0243263244628906
      ]
    },
    "right_waist": {
      "delta": [
        0.5941221117973328
      ],
      "min": [
        -0.33493655920028687
      ]
    },
    "right_wrist_angle": {
      "delta": [
        1.3425774574279785
      ],
      "min": [
        -0.13100683689117432
      ]
    },
    "right_wrist_rotate": {
      "delta": [
        1.45734703540802
      ],
      "min": [
        -1.4256783723831177
      ]
    }
  }
}
